﻿word,counts
北京,1011
微博,89
视频,89
真的,44
核酸,44
超话,42
今日,38
故宫博物院,35
大街,31
希望,29
疫情,29
不想,26
早上,23
昨天,22
只能,22
感觉,22
上班,21
工人,21
发现,20
鼓楼,20
小时,19
工作,19
孩子,19
选打,18
地方,17
东西,16
晚上,16
喜欢,16
生活,16
中国,15
朋友,15
时间,15
发烧,15
下班,14
事情,14
公司,14
出门,14
健康,14
吃饭,14
两个,13
不到,13
第一次,12
碎片,12
西单,12
本来,11
两天,11
离开,11
居家,11
抗原,11
有人,10
明天,10
笨猪,10
手机,10
一点,10
不好,10
记录,10
回来,10
嗓子,10
七夕,10
立秋,10
有没有,9
下午,9
回家,9
小区,9
无聊,9
终于,9
家里,9
再见,9
早餐,9
暴雨,9
几天,8
结束,8
白天,8
地铁,8
唯一,8
天气,8
蚊子,8
三个,8
干饭,8
心情,8
一个月,8
电话,8
快乐,8
身上,8
好不容易,8
弹窗,8
一种,8
影响,8
领导,8
没什么,8
不让,8
排队,8
努力,8
感染,8
防控,8
在家,8
咳嗽,7
火锅,7
新冠,7
不知,7
