﻿所属主题,文章数量,特征词,主题强度
Topic0,67,北京、微博、真的、视频、故宫博物院、核酸、只能、中国、希望、小时、疫情、律师、法律、随便、不用、小常识、枫树、防护服、麻酱、存折,0.056067
Topic1,89,北京、核酸、发现、微博、视频、昨天、害怕、领导、早上、今日、真的、出门、回家、地方、经历、故宫博物院、小哥、不想、海底、移山填海,0.074477
Topic2,127,北京、故宫博物院、黄油、不想、影响、健康、啤酒、公司、两天、数据库、暴雨、晚上、情况、感觉、希望、怯懦、上网、小时、真的、休假,0.10628
Topic3,26,北京、核酸、不让、发现、品牌、高端、洗衣机、饺子、做饭、兴奋、孩子、北京站、燕郊、事情、成长、微博、基础、超话、大厂、朋友,0.021757
Topic4,60,北京、大街、感觉、昨天、发烧、嗓子、鼓楼、中文、有没有、王祉、台湾、中国、弹窗、广安门、天气、男人、选打、工人、雷阵雨、评论,0.050209
Topic5,128,北京、微博、视频、真的、选打、工人、疫情、朋友、核酸、防控、感觉、温度、快乐、西单、一早、栗子、鼻头、食堂、孩子、买不到,0.10711
Topic6,136,北京、希望、超话、上班、视频、不想、微博、离开、核酸、再见、今日、晚上、明天、蚊子、不知、日子、回家、第一次、没什么、健康,0.11381
Topic7,83,北京、视频、事情、真的、微博、不想、喜欢、电话、超话、生活、麻辣烫、故宫博物院、下午、思路、哈格、咳嗽、入学、中国、只能、一点,0.069456
Topic8,83,北京、大街、鼓楼、早上、也许、东西、希望、努力、今日、来来来、超话、核酸、有人、昨晚、号码、羊肉、林先生、石家庄、活动、买家,0.069456
Topic9,109,北京、微博、视频、工作、超话、今日、无聊、鼓楼、一件、真的、疫情、大街、回来、预警、两天、记录、一场、立秋、回答、时间,0.091213
Topic10,78,北京、超话、休息、矫正、微博、孩子、真的、视频、早上、和尚、公司、调休、小区、运动会、下班、地方、什刹海、时间、咖啡、核酸,0.065272
Topic11,41,北京、今日、跑步、雷阵雨、视频、暴雨、白天、寂寞、沙洲、多云、珠海航展、布偶、公里、电影、公交、心头、空气、天空、不到、电影院,0.03431
Topic12,82,北京、超话、笨猪、微博、视频、喜欢、生活、东西、北京动物园、疫情、动物、工作、大熊猫、关注、真是太、核酸、下班、人心、希望、新冠,0.068619
Topic13,86,北京、吃饭、只能、视频、翻译、宠物、身上、北海公园、私募、原神、朋友、基金、核酸、两个、仲裁、微博、教练、睡觉、教育部、发量,0.071967
