﻿word,counts
北京,7947
视频,449
微博,427
真的,242
今日,220
超话,217
故宫博物院,193
核酸,143
希望,142
西单,135
感觉,129
疫情,123
上班,113
出门,110
有人,108
时间,107
小时,107
昨天,106
七夕,101
中国,98
晚上,98
生活,94
工作,94
早上,93
朋友,93
一点,88
发现,85
好像,82
大悦,81
大街,80
明天,80
日常,77
不想,72
回家,72
艺术,71
居家,71
下班,70
吃饭,70
周末,70
碎片,67
结束,64
两个,63
安定门,61
北京动物园,61
公司,61
鼓楼,61
小区,60
隔离,60
社区,59
记录,59
终于,58
不到,57
路上,56
第一次,56
地方,56
东西,55
快乐,55
孩子,55
王府井,54
雍和宫,54
早餐,54
只能,53
中秋,53
手机,51
日子,50
下午,50
好久没,50
前门大街,49
更新,48
夏天,48
几天,48
再见,47
第一天,46
事情,46
天气,46
立秋,46
摆烂,45
商业街,45
在家,45
公园,45
照片,44
努力,43
安排,42
发生,42
九月,42
中心,41
喜欢,41
国家,40
外面,40
三天,40
世界,40
分享,39
越来越,39
排队,39
心情,39
昨晚,38
状态,38
一个月,38
睡觉,38
跑步,38
