﻿所属主题,文章数量,特征词,主题强度
Topic0,355,北京、北京动物园、吃饭、动物、视频、跑步、微博、同学、超话、餐厅、文化、火锅、中国、世界、本来、解决、发现、大熊猫、第三天、老师,0.040899
Topic1,3540,北京、视频、今日、微博、真的、故宫博物院、希望、碎片、周末、日常、剧场、第一次、安排、艺术、公园、开心、睡觉、不想、大雨、下午,0.40783
Topic2,1127,北京、西单、出门、更新、前门大街、大街、保利剧院、再见、时间、照片、空调、居家、手机、下班、图片、北京站、隔离、分享、晚饭、咖啡,0.12984
Topic3,558,北京、百货、安定门、老佛爷、上班、事情、提前、身体、未来、打工、早餐、爱情、冬天、事儿、老板、发生、朝阳区、简单、咖啡、一半,0.064286
Topic4,156,北京、身上、外卖、水果、属实、明白、心理、值得、一句、媳妇、睡着、拍摄、吃完饭、此刻、重点、该死、冰箱、早就、白色、不好,0.017972
Topic5,347,北京、大悦、西单、一点、明天、收拾、摆烂、烤肉、适合、新冠、海鲜、记得、城市、打开、集团、依旧、发烧、感觉、没法、情绪,0.039977
Topic6,876,北京、大厦、昨天、回家、西单、天气、教育、广场、孩子、医院、晚上、暴雨、为啥、疫情、遗憾、路上、只能、宇宙、明天、秋天,0.10092
Topic7,439,北京、奶茶、核酸、下雨、国家、小区、小时、一条、两天、外面、雍和宫、改变、快递、中午、租房、意义、运动、半小时、排队、一杯,0.050576
Topic8,133,北京、不到、西瓜、可惜、健康、投资、面包、早晨、玫瑰花、健身、终于、睡醒、烤串、开车、北京地铁、安慰、水溶、技术、来福士、事情,0.015323
Topic9,662,北京、中国、艺术、广安门、夏天、小时、中心、努力、昨日、晚上、地铁站、真的、大街、嘉德、第三、北京市、鼓楼、线下、一趟、摄影,0.076267
Topic10,145,北京、多年、建筑、刚刚、变得、小时候、大楼、起床、自助、成功、披萨、相册、我家、两周、老公、早上、那种、世间、加班、院子,0.016705
Topic11,342,北京、视频、有人、微博、计划、三个、点儿、收到、赶紧、家里、连续、一眼、经济、状态、房价、夜班、表情、方式、窜访、考研,0.039401
