﻿,word,counts
0,rep,4463
1,amp,4406
2,dgd,3867
3,bat,2946
4,time,2667
5,people,2566
6,rem,2267
7,love,2135
8,top,2095
9,link,2089
10,price,2067
11,day,1942
12,live,1675
13,lend,1605
14,pm,1558
15,gt,1488
16,don,1421
17,fun,1359
18,ink,1276
19,cdt,1213
20,abt,1183
21,eth,1179
22,fuel,1120
23,follow,1007
24,gvt,1004
25,jul,975
26,tomo,969
27,life,940
28,week,937
29,free,932
30,shit,930
31,happy,919
32,hours,915
33,lol,913
34,july,910
35,check,868
36,money,845
37,bad,843
38,issues,839
39,buy,824
40,utc,811
41,move,805
42,ce,804
43,gusd,804
44,game,798
45,support,798
46,feel,798
47,team,790
48,ren,786
49,hope,783
50,poe,780
51,salt,775
52,uip,772
53,days,767
54,gon,753
55,market,700
56,real,692
57,lot,689
58,read,684
59,updates,681
60,st,672
61,won,667
62,house,644
63,hard,636
64,ruff,630
65,till,622
66,video,616
67,regular,615
68,play,613
69,news,607
70,yeah,606
71,ur,601
72,watch,600
73,dm,591
74,nice,590
75,iht,588
76,god,583
77,guys,577
78,target,577
79,join,570
80,twitter,569
81,wait,567
82,bats,567
83,care,566
84,prs,566
85,sl,560
86,call,555
87,set,552
88,periods,549
89,tour,548
90,start,545
91,vote,543
92,ppt,543
93,song,533
94,bro,530
95,night,530
96,dtr,530
97,cvt,529
98,fsn,528
99,btc,524
100,wan,523
101,itc,522
102,tel,521
103,change,520
104,person,518
105,test,515
106,fucking,514
107,hand,514
108,ocn,510
109,btf,510
110,bdg,509
111,analyst,502
112,avt,500
113,morning,499
114,fuck,497
115,talk,496
116,black,494
117,sri,493
118,pay,489
119,gto,487
120,win,486
121,literally,483
122,coming,482
123,hour,480
124,chat,480
125,true,479
126,friends,477
127,gno,470
128,ago,469
129,mth,469
130,lanka,468
131,banca,468
132,share,462
133,pretty,450
134,tweet,449
135,hit,448
136,toss,448
137,de,447
138,country,447
139,talking,446
140,amazing,444
141,send,443
142,music,443
143,job,441
144,left,440
145,guy,438
146,enjoy,437
147,community,436
148,ready,433
149,project,430
150,wts,430
151,sleep,429
152,power,427
153,tax,427
154,wrong,420
155,pakistan,419
156,bc,415
157,lrc,414
158,album,413
159,times,411
160,friend,410
161,post,410
162,ph,405
163,women,401
164,future,400
165,story,400
166,red,397
167,fans,396
168,family,395
169,report,391
170,bullish,390
171,bank,389
172,remember,388
173,agi,386
174,cool,384
175,single,384
176,trump,384
177,short,382
178,playing,381
179,business,380
180,cap,379
181,listen,376
182,fan,375
183,hate,373
184,told,372
185,pc,372
186,sold,371
187,service,370
188,pair,370
189,white,368
190,paper,368
191,hey,367
192,update,365
193,trac,365
194,season,364
195,ball,363
196,covid,363
197,lt,362
198,heat,361
199,stay,359
