﻿,word,counts
0,rep,1618
1,dgd,1479
2,amp,887
3,rem,861
4,bat,849
5,time,702
6,hours,644
7,link,642
8,eth,610
9,move,589
10,day,570
11,cdt,558
12,ink,521
13,jul,495
14,people,478
15,pm,466
16,issues,460
17,ruff,438
18,price,419
19,tomo,411
20,gusd,405
21,lend,388
22,fuel,382
23,check,377
24,abt,365
25,don,358
26,july,348
27,poe,343
28,uip,338
29,salt,309
30,live,305
31,btf,304
32,week,294
33,ren,294
34,days,292
35,news,280
36,bdg,280
37,buy,271
38,team,270
39,fsn,269
40,ppt,266
41,video,262
42,dm,259
43,ce,254
44,banca,252
45,till,248
46,gto,245
47,morning,238
48,sold,236
49,cvt,235
50,gon,234
51,life,232
52,read,228
53,bro,227
54,wait,220
55,tel,219
56,bark,217
57,real,216
58,bats,215
59,money,214
60,avt,213
61,gno,213
62,house,212
63,btc,211
64,follow,209
65,game,206
66,dtr,206
67,prs,200
68,de,196
69,gvt,193
70,forecast,192
71,utc,190
72,watch,188
73,paper,185
74,itc,184
75,change,179
76,ocn,178
77,guys,177
78,twitter,177
79,ur,175
80,black,175
81,wan,174
82,set,174
83,discussion,174
84,night,173
85,chat,173
86,mth,171
87,call,170
88,start,170
89,tweet,168
90,photo,167
91,send,166
92,lrc,166
93,bank,165
94,vote,165
95,posted,163
96,coming,163
97,wts,163
98,song,162
99,ph,162
