﻿,word,counts
0,amp,1366
1,people,1307
2,time,911
3,shit,755
4,bad,739
5,price,732
6,don,587
7,cnns,563
8,telegram,552
9,channel,549
10,link,488
11,wrong,482
12,tok,461
13,day,451
14,top,431
15,tik,418
16,hate,409
17,hard,408
18,loss,395
19,fuck,394
20,bloc,392
21,ass,389
22,okb,378
23,bht,357
24,life,342
25,hell,341
26,follow,340
27,pay,339
28,bt,336
29,feel,335
30,low,328
31,ttc,328
32,pm,321
33,money,309
34,entry,298
35,fire,297
36,dft,295
37,bio,293
38,utc,283
39,lost,281
40,dec,281
41,bix,278
42,reason,276
43,health,267
44,regular,266
45,news,264
46,updates,261
47,leave,259
48,st,257
49,war,257
50,tch,255
51,days,254
52,real,250
53,signal,249
54,damn,248
55,battle,247
56,ocx,246
57,xt,242
58,dead,241
59,drop,239
60,gon,238
61,mtv,235
62,highquality,234
63,lot,233
64,ali,232
65,crazy,228
66,game,228
67,playing,224
68,live,223
69,video,222
70,watch,220
71,death,219
72,bloody,218
73,fight,217
74,fake,214
75,mbl,214
76,worst,212
77,twitter,212
78,times,209
79,wt,209
80,start,205
81,hai,204
82,sad,203
83,rate,203
84,fucking,203
85,team,201
86,left,201
87,rx,201
88,person,199
89,rsr,199
90,covid,198
91,forget,197
92,ftm,197
93,change,196
94,biggest,193
95,country,193
96,red,190
97,fear,188
98,week,188
99,market,188
