﻿,word,counts
0,rep,1379
1,amp,1262
2,people,1052
3,dgd,990
4,shit,833
5,time,756
6,bad,734
7,bat,670
8,don,545
9,day,495
10,rem,495
11,gvt,471
12,fuck,456
13,abt,438
14,hard,398
15,fuel,383
16,price,371
17,wrong,356
18,pm,352
19,lend,334
20,hate,324
21,link,321
22,pay,310
23,follow,307
24,hell,301
25,money,298
26,feel,291
27,ass,288
28,life,281
29,damn,269
30,regular,263
31,updates,263
32,ink,263
33,crazy,258
34,utc,253
35,lost,250
36,gon,249
37,war,245
38,fucking,242
39,lot,241
40,low,238
41,periods,236
42,fire,231
43,weakest,223
44,live,219
45,die,218
46,idk,214
47,channel,209
48,worst,206
49,tomo,206
50,loss,205
51,death,204
52,real,204
53,telegram,200
54,game,200
55,ur,200
56,cdt,199
57,poe,196
58,call,191
59,sad,190
60,kill,189
61,ren,187
62,drop,186
63,person,186
64,trump,184
65,leave,183
66,days,183
67,country,183
68,guy,182
69,read,181
70,salt,179
71,house,178
72,bc,173
73,issues,172
74,literally,172
75,fight,171
76,left,167
77,women,167
78,week,166
79,warning,164
80,sick,163
81,fake,163
82,wan,162
83,change,161
84,dead,160
85,twitter,160
86,guys,158
87,eth,158
88,bro,158
89,top,158
90,covid,158
91,talk,157
92,uip,157
93,buy,156
94,forget,155
95,lose,155
96,black,155
97,lol,155
98,wait,155
99,severe,155
