﻿,word,counts
0,amp,2257
1,love,2038
2,top,1933
3,rep,1466
4,bat,1427
5,dgd,1398
6,gt,1392
7,fun,1282
8,price,1277
9,time,1209
10,live,1151
11,link,1126
12,people,1036
13,rem,911
14,happy,883
15,lend,883
16,day,877
17,free,865
18,lol,749
19,pm,740
20,hope,701
21,support,646
22,won,637
23,nice,547
24,play,527
25,don,518
26,sl,518
27,join,512
28,target,493
29,ink,492
30,follow,491
31,analyst,491
32,week,477
33,yeah,468
34,hand,459
35,win,457
36,cdt,456
37,god,453
38,care,451
39,toss,437
40,amazing,431
41,st,429
42,life,427
43,share,425
44,friends,424
45,enjoy,420
46,july,415
47,ce,415
48,eth,411
49,sri,405
50,jul,403
51,market,402
52,buy,397
53,tour,396
54,game,392
55,lanka,390
56,check,389
57,true,388
58,ready,388
59,test,387
60,pretty,385
61,team,381
62,abt,380
63,utc,368
64,friend,363
65,updates,358
66,fuel,355
67,pakistan,354
68,tomo,352
69,feel,350
70,gusd,345
71,gvt,340
72,hour,338
73,cool,334
74,money,333
75,super,331
76,bullish,328
77,playing,324
78,pair,319
79,rsi,316
80,beautiful,314
81,regular,308
82,trends,307
83,ren,305
84,fan,299
85,birthday,295
86,cap,293
87,days,292
88,lot,290
89,iht,290
90,lmao,289
91,salt,287
92,strongest,284
93,favorite,283
94,gainers,281
95,uip,277
96,party,276
97,read,275
98,periods,274
99,set,273
