﻿,word,counts
0,amp,1243
1,ali,969
2,price,949
3,time,909
4,bht,781
5,arpa,729
6,hours,671
7,day,671
8,eth,665
9,btc,624
10,tok,607
11,people,603
12,pm,594
13,cnns,590
14,bix,590
15,move,586
16,mbl,545
17,tik,528
18,july,504
19,mtv,503
20,service,486
21,market,482
22,uat,478
23,st,471
24,ocx,470
25,test,469
26,volume,451
27,okb,451
28,bss,446
29,live,445
30,don,444
31,lamb,440
32,follow,439
33,start,436
34,surrender,420
35,ht,417
36,eloy,414
37,ttc,413
38,cap,407
39,matic,396
40,days,394
41,dec,394
42,drep,375
43,oland,366
44,regular,365
45,biki,356
46,dft,352
47,bel,349
48,trading,340
49,check,338
50,ero,329
51,morning,328
52,utc,327
53,buy,323
54,hour,312
55,video,310
56,bkk,310
57,change,299
58,release,299
59,tb,295
60,rise,292
61,celr,291
62,ftm,289
63,kcs,289
64,knt,289
65,gon,278
66,wt,278
67,twitter,276
68,wait,276
69,week,271
70,reserves,270
71,real,269
72,usdt,269
73,bt,268
74,watch,266
75,bloc,266
76,game,263
77,updates,262
78,life,258
79,de,252
80,dos,252
81,money,249
82,hai,249
83,burn,247
84,aab,246
85,bro,242
86,rsr,241
87,current,239
88,tch,238
89,station,231
90,wts,230
91,read,226
92,lp,225
93,night,225
94,tvl,225
95,call,224
96,sell,220
97,hot,220
98,periods,219
99,elevator,219
