﻿,word,counts
0,top,3819
1,amp,2821
2,love,2233
3,gt,1824
4,price,1636
5,time,1525
6,people,1203
7,day,1155
8,mbl,1026
9,happy,992
10,lol,927
11,btc,890
12,free,867
13,playing,849
14,hope,789
15,usdt,759
16,rsr,713
17,week,703
18,buy,688
19,join,687
20,analyst,685
21,drep,685
22,bht,680
23,don,674
24,pm,665
25,cnns,664
26,qt,659
27,win,640
28,god,640
29,play,638
30,target,637
31,nice,636
32,utc,634
33,ocx,626
34,support,611
35,game,580
36,arpa,572
37,mtv,572
38,follow,553
39,team,551
40,increase,549
41,okb,541
42,amazing,527
43,alert,516
44,radio,515
45,tok,513
46,market,505
47,trip,500
48,life,498
49,matic,496
50,true,489
51,bloc,487
52,bix,484
53,eth,478
54,yeah,475
55,ht,472
56,ready,470
57,party,468
58,live,464
59,fun,461
60,care,461
61,check,456
62,tik,452
63,volume,446
64,pretty,445
65,bullish,439
66,friends,434
67,listeners,434
68,july,431
69,pair,430
70,won,429
71,dft,429
72,days,427
73,music,427
74,album,424
75,excited,422
76,signals,420
77,real,418
78,ali,417
79,link,414
80,trends,414
81,birthday,407
82,feel,403
83,crypto,400
84,cool,397
85,share,395
86,ttc,390
87,beautiful,388
88,bnb,385
89,money,376
90,hear,376
91,dec,375
92,lot,366
93,celr,363
94,updates,360
95,friend,355
96,trades,355
97,super,352
98,enjoy,348
99,total,346
