﻿,word,counts
0,amp,5430
1,top,4271
2,time,3345
3,price,3317
4,people,3113
5,love,2363
6,day,2277
7,gt,1980
8,bht,1818
9,cnns,1817
10,mbl,1785
11,don,1705
12,btc,1657
13,ali,1618
14,tok,1581
15,pm,1580
16,arpa,1447
17,tik,1398
18,okb,1370
19,bix,1352
20,ocx,1342
21,follow,1332
22,mtv,1310
23,utc,1244
24,eth,1235
25,drep,1184
26,market,1175
27,week,1162
28,buy,1160
29,rsr,1153
30,bloc,1145
31,live,1132
32,ttc,1131
33,hours,1117
34,link,1113
35,july,1103
36,life,1098
37,lol,1092
38,playing,1077
39,dft,1076
40,days,1075
41,game,1071
42,ht,1054
43,dec,1050
44,st,1042
45,happy,1035
46,usdt,1032
47,start,975
48,regular,959
49,volume,950
50,team,949
51,free,940
52,lamb,940
53,real,937
54,matic,934
55,money,934
56,bt,931
57,bss,920
58,feel,913
59,hope,912
60,check,899
61,updates,883
62,video,863
63,move,858
64,bad,846
65,shit,835
66,uat,822
67,change,806
68,god,803
69,watch,801
70,lot,799
71,service,785
72,music,773
73,play,771
74,ftm,770
75,gon,766
76,news,766
77,wt,765
78,biki,756
79,target,751
80,trading,748
81,join,746
82,twitter,745
83,morning,743
84,radio,735
85,tb,733
86,qt,728
87,read,723
88,support,720
89,bkk,720
90,hai,717
91,channel,715
92,ero,711
93,cap,710
94,hour,704
95,analyst,704
96,trip,700
97,test,695
98,wait,692
99,celr,690
100,guys,688
101,nice,687
102,set,684
103,win,679
104,call,677
105,album,669
106,hard,667
107,tch,650
108,current,648
109,coming,640
110,dos,634
111,person,633
112,night,630
113,times,625
114,knt,622
115,tweet,615
116,wts,614
117,yeah,609
118,telegram,607
119,left,606
120,signal,605
121,bob,601
122,sell,600
123,hear,596
124,total,593
125,bnb,587
126,aab,583
127,reason,582
128,dt,575
129,remember,574
130,bro,574
131,public,573
132,true,573
133,increase,569
134,bullish,566
135,black,566
136,listeners,565
137,care,564
138,wrong,559
139,crypto,558
140,de,557
141,ur,552
142,health,550
143,biggest,548
144,party,548
145,season,547
146,post,545
147,project,544
148,amazing,543
149,ctt,542
150,song,541
151,alert,538
152,periods,538
153,hot,537
154,xt,537
155,guy,536
156,ago,531
157,women,524
158,stay,522
159,ready,519
160,country,519
161,pc,518
162,fun,512
163,literally,505
164,lt,502
165,talk,500
166,pay,499
167,covid,498
168,pretty,497
169,dm,495
170,understand,493
171,friends,490
172,house,489
173,wan,487
174,short,485
175,pair,484
176,vote,484
177,talking,480
178,amazon,480
179,usd,479
180,learn,475
181,job,475
182,family,472
183,won,472
184,birthday,468
185,trends,467
186,release,467
187,city,466
188,hate,466
189,school,465
190,white,460
191,event,459
192,loss,457
193,kcs,456
194,sol,455
195,cool,455
196,future,454
197,red,454
198,girl,449
199,watching,448
