﻿,word,counts
0,amp,2628
1,people,2359
2,time,1667
3,shit,1588
4,bad,1473
5,rep,1397
6,don,1132
7,price,1103
8,dgd,990
9,day,946
10,fuck,850
11,wrong,838
12,link,809
13,hard,806
14,channel,758
15,telegram,752
16,hate,733
17,bat,696
18,ass,677
19,pm,673
20,pay,649
21,follow,647
22,hell,642
23,feel,626
24,life,623
25,money,607
26,loss,600
27,top,589
28,low,566
29,cnns,564
30,utc,536
31,lost,531
32,regular,529
33,fire,528
34,updates,524
35,damn,517
36,war,502
37,rem,496
38,abt,489
39,gon,487
40,crazy,486
41,lot,474
42,gvt,471
43,tok,464
44,real,454
45,fucking,445
46,leave,442
47,live,442
48,days,437
49,bio,436
50,game,428
51,drop,425
52,death,423
53,tik,421
54,entry,419
55,worst,418
56,fuel,413
57,reason,411
58,okb,407
59,dead,401
60,news,395
61,sad,393
62,bloc,393
63,fight,388
64,idk,388
65,person,385
66,ur,382
67,fake,377
68,country,376
69,battle,376
70,die,375
71,twitter,372
72,st,370
73,periods,370
74,left,368
75,watch,368
76,guy,368
77,call,366
78,read,366
79,health,361
80,video,359
81,literally,358
82,change,357
83,bht,357
84,covid,356
85,bt,355
86,kill,354
87,week,354
88,forget,352
89,times,352
90,trump,352
91,start,348
92,women,347
93,signal,346
94,team,340
95,lend,338
96,wtf,333
97,ttc,328
98,market,327
99,sick,327
100,black,327
101,guys,321
102,public,321
103,talking,321
104,stupid,321
105,house,319
106,told,318
107,highquality,318
108,poor,316
109,july,315
110,worse,312
111,weakest,312
112,lose,309
113,lol,309
114,wan,307
115,buy,305
116,wait,304
117,ago,301
118,bc,301
119,police,301
120,bro,300
121,woman,300
122,understand,299
123,cut,297
124,fear,297
125,remember,295
126,dft,295
127,ppl,294
128,dec,293
129,mad,292
130,night,292
131,government,292
132,girl,291
133,red,290
134,white,289
135,god,289
136,talk,287
137,didn,282
138,job,282
139,power,282
140,called,281
141,coming,280
142,set,280
143,playing,279
144,bix,278
145,weird,274
146,president,273
147,head,272
148,biden,271
149,nah,269
150,rate,268
151,family,267
152,tweet,265
153,post,264
154,hours,264
155,ukraine,263
156,vote,263
157,ink,263
158,fans,260
159,yeah,259
160,tch,259
161,risk,258
162,issues,256
163,biggest,255
164,pain,254
165,evil,252
166,cry,251
167,eth,250
168,short,250
169,support,250
170,died,248
171,bitch,248
172,media,247
173,music,246
174,food,246
175,ocx,246
176,service,244
177,tax,244
178,started,243
179,lies,242
180,xt,242
181,months,241
182,lvl,241
183,bloody,240
184,mind,239
185,gt,238
186,doesn,238
187,backup,238
188,happened,237
189,story,237
190,season,237
191,ali,237
192,mtv,237
193,hurt,236
194,attack,235
195,ban,234
196,thinking,233
197,sleep,233
198,gun,231
199,current,231
