﻿,word,counts
0,top,5752
1,amp,5078
2,love,4271
3,gt,3216
4,price,2913
5,time,2734
6,people,2239
7,day,2032
8,happy,1875
9,fun,1743
10,free,1732
11,lol,1676
12,live,1615
13,link,1540
14,hope,1490
15,rep,1489
16,bat,1477
17,pm,1405
18,dgd,1398
19,support,1257
20,join,1199
21,don,1192
22,nice,1183
23,week,1180
24,analyst,1176
25,playing,1173
26,play,1165
27,btc,1146
28,target,1130
29,win,1097
30,god,1093
31,buy,1085
32,won,1066
33,follow,1044
34,mbl,1034
35,utc,1002
36,game,972
37,usdt,968
38,amazing,958
39,yeah,943
40,team,932
41,life,925
42,care,912
43,rem,912
44,market,907
45,lend,894
46,eth,889
47,true,877
48,ready,858
49,friends,858
50,july,846
51,check,845
52,pretty,830
53,share,820
54,enjoy,768
55,bullish,767
56,feel,753
57,pair,749
58,party,744
59,st,743
60,cool,731
61,rsr,724
62,trends,721
63,days,719
64,friend,718
65,updates,718
66,increase,712
67,money,709
68,beautiful,702
69,birthday,702
70,hand,697
71,drep,691
72,real,690
73,alert,686
74,super,683
75,bht,680
76,qt,665
77,cnns,664
78,lot,656
79,music,644
80,regular,636
81,excited,635
82,matic,626
83,ocx,626
84,fan,621
85,album,618
86,set,615
87,lmao,614
88,hour,613
89,signals,603
90,favorite,602
91,strongest,593
92,wts,590
93,read,587
94,volume,587
95,project,586
96,watch,579
97,arpa,577
98,mtv,576
99,cute,573
100,sl,572
101,pls,569
102,start,566
103,radio,559
104,okb,551
105,perfect,550
106,guys,550
107,video,548
108,crypto,547
109,hear,545
110,funny,544
111,jul,543
112,cap,540
113,wow,539
114,trip,533
115,agree,531
116,dm,528
117,dream,527
118,tok,522
119,gon,520
120,test,518
121,lt,516
122,morning,511
123,safe,510
124,ht,508
125,bnb,506
126,ink,498
127,song,495
128,hard,493
129,change,491
130,person,490
131,huge,489
132,twitter,489
133,special,488
134,bloc,487
135,bix,484
136,news,483
137,worth,473
138,call,472
139,ur,472
140,night,470
141,tour,468
142,community,464
143,cdt,464
144,stay,463
145,coming,462
146,pc,460
147,wait,459
148,periods,459
149,tik,459
150,house,455
151,hours,453
152,learn,452
153,abt,448
154,trades,446
155,future,445
156,ago,445
157,total,444
158,toss,442
159,chance,441
160,season,439
161,sell,439
162,awesome,439
163,ali,439
164,listeners,437
165,vote,435
166,dft,433
167,left,432
168,congratulations,432
169,country,431
170,family,430
171,strong,429
172,trust,429
173,fine,425
174,sri,425
175,tweet,423
176,ce,423
177,ren,421
178,energy,418
179,summer,415
180,dec,414
181,trading,412
182,talk,412
183,pakistan,408
184,story,406
185,lanka,406
186,easy,405
187,bit,404
188,times,401
189,de,400
190,current,398
191,xrp,395
192,event,395
193,art,393
194,luck,391
195,ttc,391
196,played,386
197,post,386
198,fuel,384
199,health,382
