﻿,word,counts
0,amp,2130
1,rep,1631
2,time,1611
3,dgd,1479
4,price,1368
5,hours,1315
6,eth,1275
7,day,1241
8,move,1175
9,people,1081
10,pm,1060
11,ali,982
12,bat,910
13,rem,861
14,link,853
15,july,852
16,btc,835
17,don,802
18,bht,782
19,live,750
20,arpa,732
21,check,715
22,days,686
23,follow,648
24,market,641
25,tok,613
26,start,606
27,st,601
28,service,601
29,buy,594
30,jul,594
31,cnns,590
32,bix,590
33,video,572
34,morning,566
35,week,565
36,cdt,560
37,test,553
38,mbl,549
39,volume,548
40,tik,531
41,ink,526
42,issues,521
43,utc,517
44,gon,512
45,mtv,504
46,wait,496
47,news,495
48,life,490
49,real,485
50,change,478
51,uat,478
52,ocx,470
53,game,469
54,bro,469
55,team,467
56,money,463
57,read,454
58,watch,454
59,okb,454
60,twitter,453
61,cap,449
62,de,448
63,bss,446
64,dm,443
65,ruff,443
66,lamb,442
67,matic,433
68,surrender,422
69,ht,421
70,tomo,418
71,eloy,415
72,ttc,413
73,regular,409
74,dec,407
75,gusd,405
76,fuel,399
77,night,398
78,abt,398
79,guys,394
80,call,394
81,trading,393
82,wts,393
83,lend,389
84,drep,382
85,coming,380
86,tweet,376
87,hour,371
88,release,371
89,usdt,368
90,oland,366
91,wan,362
92,house,359
93,lot,358
94,hot,356
95,dft,356
96,biki,356
97,black,355
98,bel,355
99,song,354
100,rise,350
101,sold,349
102,poe,346
103,update,341
104,set,341
105,pc,340
106,uip,338
107,feel,332
108,vote,329
109,ero,329
110,omg,328
111,music,326
112,current,324
113,salt,324
114,updates,322
115,album,320
116,ren,315
117,till,313
118,posted,311
119,bkk,310
120,tonight,306
121,reports,305
122,post,305
123,photo,305
124,talking,305
125,btf,304
126,remember,302
127,sell,301
128,tb,300
129,ur,299
130,ftm,297
131,talk,297
132,celr,295
133,burn,293
134,kcs,290
135,knt,289
136,minutes,286
137,hit,285
138,job,284
139,times,283
140,literally,283
141,short,282
142,wt,281
143,hai,280
144,bdg,280
145,hey,279
146,reserves,279
147,bt,278
148,earnings,277
149,send,276
150,person,276
151,guy,274
152,listen,272
153,project,271
154,fsn,270
155,usd,266
156,ppt,266
157,bloc,266
158,ce,263
159,city,261
160,gto,258
161,periods,258
162,dos,257
163,public,255
164,rsr,255
165,ago,254
166,station,254
167,account,253
168,banca,252
169,markets,251
170,lt,251
171,aab,249
172,ss,248
173,tel,246
174,left,246
175,red,241
176,baby,240
177,waiting,240
178,bark,240
179,series,239
180,lp,239
181,paper,239
182,tch,239
183,fucking,237
184,future,235
185,signal,235
186,pass,235
187,season,235
188,cvt,235
189,tomorrow,233
190,finally,233
191,girl,233
192,doge,230
193,tvl,229
194,tour,229
195,auto,229
196,school,227
197,bought,226
198,sol,226
199,staked,226
