﻿所属主题,文章数量,特征词,主题强度
Topic0,4424,北京、分享、图片、浪漫、金融街、故宫、什刹海、周末、工艺、餐厅、故宫博物院、南锣鼓巷、日子、王府井、感受、八月、简单、支持、秋天、总店,0.089479
Topic1,5093,北京、七夕、终于、天安门广场、好吃、第一杯、雍和宫、秋天、新街口、结束、保利剧院、健康、生日快乐、真的、安排、不错、时间、味道、排队、天气,0.10301
Topic2,2204,北京、秋天、世界、一年、新馆、北海公园、见面、第一、博物馆、舒服、拍照、惊喜、胡同、慢慢、孩子、好多、还好、天天、几天、碎片,0.044577
Topic3,2165,北京、夏天、北京动物园、酒店、大熊猫、爱情、米奇、特别、超级、北京市、冬天、面包、提前、老板、粉丝、带来、刚刚、好喝、真的、动物,0.043789
Topic4,22395,北京、视频、微博、艺术、开心、超话、真的、分享、打卡、胡同、日常、剧场、今日、好看、周末、中心、记录、德云社、自由、广安门,0.45295
Topic5,5722,北京、立秋、中国、生活、喜欢、奶茶、工作、朋友、国家博物馆、感觉、希望、永远、公园、好好、开心、城市、地方、妈妈、日子、真的,0.11573
Topic6,3231,北京、快乐、咖啡、美术馆、收到、回来、幸福、美食、有人、照片、出门、大厦、核酸、生日、老师、广场、长大、雅思、早餐、西直门,0.065349
Topic7,4208,北京、西单、哈哈哈、回家、大悦、感谢、火锅、礼物、可爱、国家大剧院、明天、魔法、疫情、晚上、第一次、东西、喜欢、人生、世界、事情,0.08511
