﻿所属主题,文章数量,特征词,主题强度
Topic0,164,北京、核酸、监控、检测、浑身、美国、疼痛、政治、手机、病例、更新、感觉、发现、喜欢、无症状、味道、清查、新增、确诊、观察,0.046419
Topic1,163,北京、感觉、感冒、高烧、吃药、说话、真实、早点、轻微、真的、支持、事情、几天、东西、快递、中国、发现、国家、发烧、外交部,0.046136
Topic2,353,北京、嗓子、昨天、发烧、疫情、症状、网友、阳性、肌肉、核酸、新冠、检测、中国、一夜、头疼、立秋、有人、嗓子疼、病毒、新闻,0.099915
Topic3,197,北京、中国、感冒、发表、讨厌、同学、地震、真的、头条、闷热、文章、平米、难受、发生、厉害、打仗、朋友圈、浪费、流鼻涕、美国,0.05576
Topic4,277,北京、真的、嗓子、发烧、抗原、核酸、咳嗽、不适、医院、第二天、工作、健康、感觉、视频、服务、放开、关心、一口、发现、微博,0.078404
Topic5,262,北京、孩子、真的、发烧、中心、情况、粉丝、丢人、公园、第二天、骨头、有没有、价格、希望、聚集地、一生、局势、老虎、投诉、布洛芬,0.074158
Topic6,152,发烧、北京、症状、退烧、白天、晚上、咳嗽、核酸、浑身、北风、气温、同事、喝酒、夏天、不该、药店、医生、夜间、真的、关系,0.043023
Topic7,525,北京、不想、核酸、真的、感觉、发热、理解、只能、不到、疫情、孩子、东西、小区、晚上、小时、账号、出门、难受、昨晚、工作,0.1486
Topic8,216,北京、低烧、第三天、真的、睡不着、不想、浑身、诈骗、听到、身上、室友、持续、键盘、第四天、上班、克罗地亚、明白、快递、不用、经历,0.061138
Topic9,155,疫情、北京、记录、投资、建议、工作、重点、转阴、每日、内容、股市、手机、超话、计划、风险、中国、朋友、确诊、可转债、需谨慎,0.043872
Topic10,444,北京、视频、微博、症状、真的、体温、发现、晚上、司机、无语、感觉、嗓子、行程、不行、记录、浑身、难受、经历、感受、新冠,0.12567
Topic11,147,北京、医院、经历、真的、做人、治疗、发烧、感觉、头疼、希望、没什么、睡觉、美国、不好、一会、新冠、布洛芬、告诉、疫情、整天,0.041608
Topic12,184,北京、不好、感觉、真的、时间、难受、不行、失望、安排、一年、错误、厉害、好像、东西、沟通、回家、谴责、每次、日子、慢慢,0.05208
Topic13,294,北京、咳嗽、视频、微博、放开、高烧、头疼、感觉、难受、打击、罐头、永远、嗓子疼、孩子、赶紧、小时、发生、购买、可怕、同事,0.083215
