﻿所属主题,文章数量,特征词,主题强度
Topic0,165,北京、视频、微博、的确良、第四天、下雨、懒得、言超、记得、连花清、今日、不想、装修、同学、今晚、语言、保利剧院、大风、真的、理解,0.050521
Topic1,99,北京、全身、快乐、真的、平台、孩儿、越来越、一点、医院、客户、反正、空气、阳光、难过、声音、小时、感觉、晚上、奶茶、勇气,0.030312
Topic2,473,北京、不想、上班、感觉、发烧、中国、真的、台湾、嗓子、疫情、希望、东西、回家、大爷、小区、症状、十点、早上、广安门、几个,0.14483
Topic3,174,北京、空调、家里、下班、世界、一周、社区、一件、东西、胡同、下午、回家、拍照、对象、海淀、显示、核酸、西瓜、电话、生活,0.053276
Topic4,192,北京、微博、视频、咳嗽、病毒、退烧、核酸、多云、吃药、白天、晚上、链接、鼻塞、抗原、开学、摆烂、祖国、明白、小时、睡眠,0.058788
Topic5,378,北京、出门、难受、发现、外卖、头疼、蚊子、两个、艺术、事儿、工人、真的、希望、一点、想要、在家、中国、感觉、一半、大街,0.11574
Topic6,310,北京、视频、微博、味觉、北京动物园、努力、笨猪、日常、超话、只能、工人、劳动、辜负、广安门、差点、大雨、一颗、精神、样子、美食,0.094917
Topic7,255,北京、昨天、新冠、不想、疫情、东西、时间、低烧、中国、工作、确实、感觉、关心、一杯、小哥、发现、核酸、科学、回家、上班,0.078077
Topic8,143,北京、高烧、美国、一张、外卖、特别、一眼、再见、世界、管理、说实话、打卡、艺术、再也、失望、好像、最终、脸上、依旧、女人,0.043784
Topic9,394,北京、真的、故宫博物院、不好、有人、不想、发烧、病例、本土、干嘛、麻烦、好像、第一次、疫情、吃饭、日本、酒店、一点、内容、太久,0.12064
Topic10,227,北京、真的、感觉、不到、咳嗽、早上、公司、工作、终于、包括、发烧、永远、今日、中国、夏天、假装、有限公司、能力、回家、清醒,0.069504
Topic11,338,北京、核酸、头条、一点、这天、时间、嗓子、奥密克、发表、喝水、呜呜、真的、文章、怀疑、估计、感觉、检测、国家、抗原、昨天,0.10349
Topic12,118,北京、咳嗽、小时、孩子、核酸、恢复、讨论、天气、发烧、今日、这辈子、消杀、一身、读书、住房、首付、发布、爸爸、连续、堪忧,0.03613
