﻿所属主题,文章数量,特征词,主题强度
Topic0,506,亚运会、杭州、中国、金牌、决赛、选手、男子、亚洲、中国队、花样游泳、夺得、比赛、本届、女子、闭幕式、代表团、谢震业、运动员、接力、亚运,0.20289
Topic1,873,亚运会、杭州、中国、金牌、选手、决赛、运动员、比赛、战胜、夺得、女子、冠军、亚运、中国队、羽毛球、铜牌、游泳、日晚、本届、卫冕,0.35004
Topic2,486,杭州、亚运会、金牌、亚运、决赛、女子、中国队、中国、夺得、比赛、选手、冠军、成绩、奥体中心、龙舟、闭幕式、亚洲、运动员、祝贺、战胜,0.19487
Topic3,169,亚运会、杭州、中国女排、亚运、闭幕、赛场、女排、运动员、中国、数字、体育、比赛、代表团、金牌、亚洲、奥运会、本届、赛事、日晚、铜牌,0.067763
Topic4,133,杭州、亚运会、亚运、比赛、女篮、男篮、热爱、中国女篮、赛场、战胜、中国男篮、今晚、中国、决赛、少年、铜牌、致敬、对手、老将、万个,0.053328
Topic5,162,亚运会、杭州、闭幕式、亚运、比赛、中国、今晚、数字、黄雅琼、冠军、思维、决赛、帷幕、落下、羽毛球、陈雨菲、开幕式、莲花、组合、金牌,0.064956
Topic6,165,亚运会、杭州、霹雳舞、亚洲、亚运、火炬、清漪、体育、现场、数字、赛场、徽章、观众、桥牌、短片、理事会、中国、主席、中国队、运动员,0.066159
