,id
0,ID:17079909
1,ID:17168611
2,ID:15954517
3,ID:12644876
4,ID:12746422
5,ID:15642535
6,ID:16992091
7,ID:16952976
8,ID:17051874
9,ID:17014977
10,ID:16654203
11,ID:12707005
12,ID:16953712
13,ID:16810354
14,ID:14560341
15,ID:17105847
16,ID:16941640
17,ID:16936244
18,ID:16811784
19,ID:15568047
20,ID:13772777
21,ID:12810268
22,ID:12748385
23,ID:17128828
24,ID:17008920
25,ID:17005637
26,ID:16937003
27,ID:16936407
28,ID:16022019
29,ID:15138004
30,ID:15884797
31,ID:13878360
32,ID:16727785
33,ID:15933668
34,ID:13993945
35,ID:12904027
36,ID:16740616
37,ID:16675034
38,ID:15259873
39,ID:16767216
40,ID:12748220
41,ID:12627384
42,ID:16254561
